nurname;name;phone;description
Чамерин;Альбин;8-522-710-87-00;сверхзадачи.
Хаиргалиев;Анания;8-925-038-96-38;жизни, ряда
Жанжерова;Бруна;8-257-028-67-10;с выполнения определенных
Упенек;Гая;8-221-741-29-17;интерактивные
Вищенюк;Иоаким;8-912-069-92-27;стремящиеся интерактивные включения определенных
Вакирин;Элиас;8-655-327-69-06;с
Маиорана;Евтихий;8-086-991-15-80;слоев прогресса
Огичи;Виринея;8-790-913-82-95;интерактивные быть
Яровкина;Василла;8-699-684-45-53;мероприятий комплекса
Даленийчук;Зара;8-492-139-93-97;вытеснить Являясь образом, 
Радакович;Тамара;8-361-814-00-67;частью всего ответу. ряда 
Даманов;Виктория;8-997-168-57-65;Противоположная стремлении производственный 
Ярчуковская;Эсмеральда;8-498-414-62-11;с мероприятий 
Давискубова;Мстислав;8-528-747-93-91;учётом консультация оставляет оставляет 
Цую;Элбэгдорж;8-087-486-95-67;лишь 
Талалаиевски;Корнелиус;8-653-290-67-93;общей общей 
Феденьчук;Алеся;8-891-540-21-33;прогресса интерактивные курс 
Жаркенова;Карима;8-649-825-87-48;проект эмоциями. с 
Обыденников;Карина;8-582-226-31-90;курс производство, 
Яльшева;Забава;8-977-915-48-06;лишь должны среди стремлении 
Ваджиб;Анастасий;8-618-884-09-28;прогресса 
Овша;Алон;8-836-880-76-88;не они 
Лакич;Ермак;8-073-860-53-35;для приоритизации что слоев 
Бабьярж;Инна;8-058-435-42-49;производственный повысить 
Вабкова;Тавус;8-537-767-07-98;сверхзадачи. 
Вайтковский;Акоп;8-648-274-66-23;качество должны быть национальный
Мавра;Полидор;8-437-096-74-89;мероприятий реализация активом
Файзулиина;Евлампия;8-787-943-58-11;намеченных необходимость
Бабосюк;Коррадо;8-133-938-01-19;социально-ориентированный
Чичагуа;Исидора;8-632-095-19-37;должны 
Бабряк;Израиль;8-511-843-47-82;широким нанотехнологии профессионального 
Гавдуник-Ковалишина;Фока;8-883-859-57-57;учётом популярность сверхзадачи. плановых 
